--
-- PostgreSQL database dump
--

\restrict 60dGVscDj77CQyLeA3b7LRoguyVwSH6Anyk2PULEyQfOcfLAGVRn0jsLlZs1oqS

-- Dumped from database version 14.22 (Ubuntu 14.22-0ubuntu0.22.04.1)
-- Dumped by pg_dump version 14.22 (Ubuntu 14.22-0ubuntu0.22.04.1)

SET statement_timeout = 0;
SET lock_timeout = 0;
SET idle_in_transaction_session_timeout = 0;
SET client_encoding = 'UTF8';
SET standard_conforming_strings = on;
SELECT pg_catalog.set_config('search_path', '', false);
SET check_function_bodies = false;
SET xmloption = content;
SET client_min_messages = warning;
SET row_security = off;

SET default_tablespace = '';

SET default_table_access_method = heap;

--
-- Name: auth_group; Type: TABLE; Schema: public; Owner: cinereserve_user
--

CREATE TABLE public.auth_group (
    id integer NOT NULL,
    name character varying(150) NOT NULL
);


ALTER TABLE public.auth_group OWNER TO cinereserve_user;

--
-- Name: auth_group_id_seq; Type: SEQUENCE; Schema: public; Owner: cinereserve_user
--

ALTER TABLE public.auth_group ALTER COLUMN id ADD GENERATED BY DEFAULT AS IDENTITY (
    SEQUENCE NAME public.auth_group_id_seq
    START WITH 1
    INCREMENT BY 1
    NO MINVALUE
    NO MAXVALUE
    CACHE 1
);


--
-- Name: auth_group_permissions; Type: TABLE; Schema: public; Owner: cinereserve_user
--

CREATE TABLE public.auth_group_permissions (
    id bigint NOT NULL,
    group_id integer NOT NULL,
    permission_id integer NOT NULL
);


ALTER TABLE public.auth_group_permissions OWNER TO cinereserve_user;

--
-- Name: auth_group_permissions_id_seq; Type: SEQUENCE; Schema: public; Owner: cinereserve_user
--

ALTER TABLE public.auth_group_permissions ALTER COLUMN id ADD GENERATED BY DEFAULT AS IDENTITY (
    SEQUENCE NAME public.auth_group_permissions_id_seq
    START WITH 1
    INCREMENT BY 1
    NO MINVALUE
    NO MAXVALUE
    CACHE 1
);


--
-- Name: auth_permission; Type: TABLE; Schema: public; Owner: cinereserve_user
--

CREATE TABLE public.auth_permission (
    id integer NOT NULL,
    name character varying(255) NOT NULL,
    content_type_id integer NOT NULL,
    codename character varying(100) NOT NULL
);


ALTER TABLE public.auth_permission OWNER TO cinereserve_user;

--
-- Name: auth_permission_id_seq; Type: SEQUENCE; Schema: public; Owner: cinereserve_user
--

ALTER TABLE public.auth_permission ALTER COLUMN id ADD GENERATED BY DEFAULT AS IDENTITY (
    SEQUENCE NAME public.auth_permission_id_seq
    START WITH 1
    INCREMENT BY 1
    NO MINVALUE
    NO MAXVALUE
    CACHE 1
);


--
-- Name: django_admin_log; Type: TABLE; Schema: public; Owner: cinereserve_user
--

CREATE TABLE public.django_admin_log (
    id integer NOT NULL,
    action_time timestamp with time zone NOT NULL,
    object_id text,
    object_repr character varying(200) NOT NULL,
    action_flag smallint NOT NULL,
    change_message text NOT NULL,
    content_type_id integer,
    user_id bigint NOT NULL,
    CONSTRAINT django_admin_log_action_flag_check CHECK ((action_flag >= 0))
);


ALTER TABLE public.django_admin_log OWNER TO cinereserve_user;

--
-- Name: django_admin_log_id_seq; Type: SEQUENCE; Schema: public; Owner: cinereserve_user
--

ALTER TABLE public.django_admin_log ALTER COLUMN id ADD GENERATED BY DEFAULT AS IDENTITY (
    SEQUENCE NAME public.django_admin_log_id_seq
    START WITH 1
    INCREMENT BY 1
    NO MINVALUE
    NO MAXVALUE
    CACHE 1
);


--
-- Name: django_content_type; Type: TABLE; Schema: public; Owner: cinereserve_user
--

CREATE TABLE public.django_content_type (
    id integer NOT NULL,
    app_label character varying(100) NOT NULL,
    model character varying(100) NOT NULL
);


ALTER TABLE public.django_content_type OWNER TO cinereserve_user;

--
-- Name: django_content_type_id_seq; Type: SEQUENCE; Schema: public; Owner: cinereserve_user
--

ALTER TABLE public.django_content_type ALTER COLUMN id ADD GENERATED BY DEFAULT AS IDENTITY (
    SEQUENCE NAME public.django_content_type_id_seq
    START WITH 1
    INCREMENT BY 1
    NO MINVALUE
    NO MAXVALUE
    CACHE 1
);


--
-- Name: django_migrations; Type: TABLE; Schema: public; Owner: cinereserve_user
--

CREATE TABLE public.django_migrations (
    id bigint NOT NULL,
    app character varying(255) NOT NULL,
    name character varying(255) NOT NULL,
    applied timestamp with time zone NOT NULL
);


ALTER TABLE public.django_migrations OWNER TO cinereserve_user;

--
-- Name: django_migrations_id_seq; Type: SEQUENCE; Schema: public; Owner: cinereserve_user
--

ALTER TABLE public.django_migrations ALTER COLUMN id ADD GENERATED BY DEFAULT AS IDENTITY (
    SEQUENCE NAME public.django_migrations_id_seq
    START WITH 1
    INCREMENT BY 1
    NO MINVALUE
    NO MAXVALUE
    CACHE 1
);


--
-- Name: django_session; Type: TABLE; Schema: public; Owner: cinereserve_user
--

CREATE TABLE public.django_session (
    session_key character varying(40) NOT NULL,
    session_data text NOT NULL,
    expire_date timestamp with time zone NOT NULL
);


ALTER TABLE public.django_session OWNER TO cinereserve_user;

--
-- Name: movie_sessions_session; Type: TABLE; Schema: public; Owner: cinereserve_user
--

CREATE TABLE public.movie_sessions_session (
    id bigint NOT NULL,
    start_time timestamp with time zone NOT NULL,
    screening_format character varying(10) NOT NULL,
    language_version character varying(20) NOT NULL,
    status character varying(20) NOT NULL,
    price numeric(8,2) NOT NULL,
    created_at timestamp with time zone NOT NULL,
    updated_at timestamp with time zone NOT NULL,
    movie_id bigint NOT NULL,
    room_id bigint NOT NULL
);


ALTER TABLE public.movie_sessions_session OWNER TO cinereserve_user;

--
-- Name: movie_sessions_session_id_seq; Type: SEQUENCE; Schema: public; Owner: cinereserve_user
--

ALTER TABLE public.movie_sessions_session ALTER COLUMN id ADD GENERATED BY DEFAULT AS IDENTITY (
    SEQUENCE NAME public.movie_sessions_session_id_seq
    START WITH 1
    INCREMENT BY 1
    NO MINVALUE
    NO MAXVALUE
    CACHE 1
);


--
-- Name: movies_movie; Type: TABLE; Schema: public; Owner: cinereserve_user
--

CREATE TABLE public.movies_movie (
    id bigint NOT NULL,
    title character varying(255) NOT NULL,
    synopsis text NOT NULL,
    duration_minutes integer NOT NULL,
    rating character varying(10) NOT NULL,
    release_date date,
    CONSTRAINT movies_movie_duration_minutes_check CHECK ((duration_minutes >= 0))
);


ALTER TABLE public.movies_movie OWNER TO cinereserve_user;

--
-- Name: movies_movie_id_seq; Type: SEQUENCE; Schema: public; Owner: cinereserve_user
--

ALTER TABLE public.movies_movie ALTER COLUMN id ADD GENERATED BY DEFAULT AS IDENTITY (
    SEQUENCE NAME public.movies_movie_id_seq
    START WITH 1
    INCREMENT BY 1
    NO MINVALUE
    NO MAXVALUE
    CACHE 1
);


--
-- Name: rooms_room; Type: TABLE; Schema: public; Owner: cinereserve_user
--

CREATE TABLE public.rooms_room (
    id bigint NOT NULL,
    name character varying(255) NOT NULL,
    number_seats integer NOT NULL,
    CONSTRAINT rooms_room_number_seats_check CHECK ((number_seats >= 0))
);


ALTER TABLE public.rooms_room OWNER TO cinereserve_user;

--
-- Name: rooms_room_id_seq; Type: SEQUENCE; Schema: public; Owner: cinereserve_user
--

ALTER TABLE public.rooms_room ALTER COLUMN id ADD GENERATED BY DEFAULT AS IDENTITY (
    SEQUENCE NAME public.rooms_room_id_seq
    START WITH 1
    INCREMENT BY 1
    NO MINVALUE
    NO MAXVALUE
    CACHE 1
);


--
-- Name: seats_seat; Type: TABLE; Schema: public; Owner: cinereserve_user
--

CREATE TABLE public.seats_seat (
    id bigint NOT NULL,
    label character varying(10) NOT NULL,
    room_id bigint NOT NULL
);


ALTER TABLE public.seats_seat OWNER TO cinereserve_user;

--
-- Name: seats_seat_id_seq; Type: SEQUENCE; Schema: public; Owner: cinereserve_user
--

ALTER TABLE public.seats_seat ALTER COLUMN id ADD GENERATED BY DEFAULT AS IDENTITY (
    SEQUENCE NAME public.seats_seat_id_seq
    START WITH 1
    INCREMENT BY 1
    NO MINVALUE
    NO MAXVALUE
    CACHE 1
);


--
-- Name: tickets_ticket; Type: TABLE; Schema: public; Owner: cinereserve_user
--

CREATE TABLE public.tickets_ticket (
    id bigint NOT NULL,
    reserved_at timestamp with time zone NOT NULL,
    seat_id bigint NOT NULL,
    session_id bigint NOT NULL,
    user_id bigint NOT NULL
);


ALTER TABLE public.tickets_ticket OWNER TO cinereserve_user;

--
-- Name: tickets_ticket_id_seq; Type: SEQUENCE; Schema: public; Owner: cinereserve_user
--

ALTER TABLE public.tickets_ticket ALTER COLUMN id ADD GENERATED BY DEFAULT AS IDENTITY (
    SEQUENCE NAME public.tickets_ticket_id_seq
    START WITH 1
    INCREMENT BY 1
    NO MINVALUE
    NO MAXVALUE
    CACHE 1
);


--
-- Name: users_customuser; Type: TABLE; Schema: public; Owner: cinereserve_user
--

CREATE TABLE public.users_customuser (
    id bigint NOT NULL,
    password character varying(128) NOT NULL,
    last_login timestamp with time zone,
    is_superuser boolean NOT NULL,
    email character varying(254) NOT NULL,
    username character varying(150) NOT NULL,
    is_staff boolean NOT NULL,
    is_active boolean NOT NULL
);


ALTER TABLE public.users_customuser OWNER TO cinereserve_user;

--
-- Name: users_customuser_groups; Type: TABLE; Schema: public; Owner: cinereserve_user
--

CREATE TABLE public.users_customuser_groups (
    id bigint NOT NULL,
    customuser_id bigint NOT NULL,
    group_id integer NOT NULL
);


ALTER TABLE public.users_customuser_groups OWNER TO cinereserve_user;

--
-- Name: users_customuser_groups_id_seq; Type: SEQUENCE; Schema: public; Owner: cinereserve_user
--

ALTER TABLE public.users_customuser_groups ALTER COLUMN id ADD GENERATED BY DEFAULT AS IDENTITY (
    SEQUENCE NAME public.users_customuser_groups_id_seq
    START WITH 1
    INCREMENT BY 1
    NO MINVALUE
    NO MAXVALUE
    CACHE 1
);


--
-- Name: users_customuser_id_seq; Type: SEQUENCE; Schema: public; Owner: cinereserve_user
--

ALTER TABLE public.users_customuser ALTER COLUMN id ADD GENERATED BY DEFAULT AS IDENTITY (
    SEQUENCE NAME public.users_customuser_id_seq
    START WITH 1
    INCREMENT BY 1
    NO MINVALUE
    NO MAXVALUE
    CACHE 1
);


--
-- Name: users_customuser_user_permissions; Type: TABLE; Schema: public; Owner: cinereserve_user
--

CREATE TABLE public.users_customuser_user_permissions (
    id bigint NOT NULL,
    customuser_id bigint NOT NULL,
    permission_id integer NOT NULL
);


ALTER TABLE public.users_customuser_user_permissions OWNER TO cinereserve_user;

--
-- Name: users_customuser_user_permissions_id_seq; Type: SEQUENCE; Schema: public; Owner: cinereserve_user
--

ALTER TABLE public.users_customuser_user_permissions ALTER COLUMN id ADD GENERATED BY DEFAULT AS IDENTITY (
    SEQUENCE NAME public.users_customuser_user_permissions_id_seq
    START WITH 1
    INCREMENT BY 1
    NO MINVALUE
    NO MAXVALUE
    CACHE 1
);


--
-- Data for Name: auth_group; Type: TABLE DATA; Schema: public; Owner: cinereserve_user
--

COPY public.auth_group (id, name) FROM stdin;
\.


--
-- Data for Name: auth_group_permissions; Type: TABLE DATA; Schema: public; Owner: cinereserve_user
--

COPY public.auth_group_permissions (id, group_id, permission_id) FROM stdin;
\.


--
-- Data for Name: auth_permission; Type: TABLE DATA; Schema: public; Owner: cinereserve_user
--

COPY public.auth_permission (id, name, content_type_id, codename) FROM stdin;
1	Can add log entry	1	add_logentry
2	Can change log entry	1	change_logentry
3	Can delete log entry	1	delete_logentry
4	Can view log entry	1	view_logentry
5	Can add permission	2	add_permission
6	Can change permission	2	change_permission
7	Can delete permission	2	delete_permission
8	Can view permission	2	view_permission
9	Can add group	3	add_group
10	Can change group	3	change_group
11	Can delete group	3	delete_group
12	Can view group	3	view_group
13	Can add content type	4	add_contenttype
14	Can change content type	4	change_contenttype
15	Can delete content type	4	delete_contenttype
16	Can view content type	4	view_contenttype
17	Can add session	5	add_session
18	Can change session	5	change_session
19	Can delete session	5	delete_session
20	Can view session	5	view_session
21	Can add custom user	6	add_customuser
22	Can change custom user	6	change_customuser
23	Can delete custom user	6	delete_customuser
24	Can view custom user	6	view_customuser
25	Can add movie	7	add_movie
26	Can change movie	7	change_movie
27	Can delete movie	7	delete_movie
28	Can view movie	7	view_movie
29	Can add room	8	add_room
30	Can change room	8	change_room
31	Can delete room	8	delete_room
32	Can view room	8	view_room
33	Can add session	9	add_session
34	Can change session	9	change_session
35	Can delete session	9	delete_session
36	Can view session	9	view_session
37	Can add seat	10	add_seat
38	Can change seat	10	change_seat
39	Can delete seat	10	delete_seat
40	Can view seat	10	view_seat
41	Can add ticket	11	add_ticket
42	Can change ticket	11	change_ticket
43	Can delete ticket	11	delete_ticket
44	Can view ticket	11	view_ticket
\.


--
-- Data for Name: django_admin_log; Type: TABLE DATA; Schema: public; Owner: cinereserve_user
--

COPY public.django_admin_log (id, action_time, object_id, object_repr, action_flag, change_message, content_type_id, user_id) FROM stdin;
1	2026-03-16 18:33:02.056514-03	1	matheus.eu.pessoal@gmail.com	2	[{"changed": {"fields": ["Username"]}}]	6	1
2	2026-03-16 19:07:57.974189-03	1	Movie object (1)	1	[{"added": {}}]	7	1
3	2026-03-16 19:08:22.01255-03	2	Movie object (2)	1	[{"added": {}}]	7	1
4	2026-03-17 19:26:19.823167-03	1	Room object (1)	1	[{"added": {}}]	8	1
5	2026-03-17 19:27:11.505206-03	1	Session object (1)	1	[{"added": {}}]	9	1
6	2026-03-17 19:27:41.843414-03	2	Session object (2)	1	[{"added": {}}]	9	1
7	2026-03-17 19:28:22.25567-03	3	Session object (3)	1	[{"added": {}}]	9	1
8	2026-03-17 19:52:27.975731-03	1	Batata	2	[{"changed": {"fields": ["Duration minutes"]}}]	7	1
9	2026-03-17 19:52:32.904273-03	2	batata2	2	[{"changed": {"fields": ["Duration minutes"]}}]	7	1
10	2026-03-18 08:32:51.301511-03	1	Seat object (1)	1	[{"added": {}}]	10	1
11	2026-03-18 08:33:02.199175-03	2	Seat object (2)	1	[{"added": {}}]	10	1
12	2026-03-18 08:33:09.661114-03	3	Seat object (3)	1	[{"added": {}}]	10	1
13	2026-03-18 08:33:13.648825-03	4	Seat object (4)	1	[{"added": {}}]	10	1
14	2026-03-18 08:33:18.060373-03	5	Seat object (5)	1	[{"added": {}}]	10	1
15	2026-03-18 10:30:24.845665-03	1	Ticket object (1)	1	[{"added": {}}]	11	1
16	2026-03-18 18:20:24.372339-03	4	Session object (4)	1	[{"added": {}}]	9	1
\.


--
-- Data for Name: django_content_type; Type: TABLE DATA; Schema: public; Owner: cinereserve_user
--

COPY public.django_content_type (id, app_label, model) FROM stdin;
1	admin	logentry
2	auth	permission
3	auth	group
4	contenttypes	contenttype
5	sessions	session
6	users	customuser
7	movies	movie
8	rooms	room
9	movie_sessions	session
10	seats	seat
11	tickets	ticket
\.


--
-- Data for Name: django_migrations; Type: TABLE DATA; Schema: public; Owner: cinereserve_user
--

COPY public.django_migrations (id, app, name, applied) FROM stdin;
1	contenttypes	0001_initial	2026-03-16 17:47:43.086826-03
2	contenttypes	0002_remove_content_type_name	2026-03-16 17:47:43.092474-03
3	auth	0001_initial	2026-03-16 17:47:43.136235-03
4	auth	0002_alter_permission_name_max_length	2026-03-16 17:47:43.140604-03
5	auth	0003_alter_user_email_max_length	2026-03-16 17:47:43.146778-03
6	auth	0004_alter_user_username_opts	2026-03-16 17:47:43.153202-03
7	auth	0005_alter_user_last_login_null	2026-03-16 17:47:43.158146-03
8	auth	0006_require_contenttypes_0002	2026-03-16 17:47:43.160336-03
9	auth	0007_alter_validators_add_error_messages	2026-03-16 17:47:43.168926-03
10	auth	0008_alter_user_username_max_length	2026-03-16 17:47:43.173656-03
11	auth	0009_alter_user_last_name_max_length	2026-03-16 17:47:43.180387-03
12	auth	0010_alter_group_name_max_length	2026-03-16 17:47:43.186984-03
13	auth	0011_update_proxy_permissions	2026-03-16 17:47:43.193441-03
14	auth	0012_alter_user_first_name_max_length	2026-03-16 17:47:43.199619-03
15	users	0001_initial	2026-03-16 17:47:43.245549-03
16	admin	0001_initial	2026-03-16 17:47:43.268675-03
17	admin	0002_logentry_remove_auto_add	2026-03-16 17:47:43.275739-03
18	admin	0003_logentry_add_action_flag_choices	2026-03-16 17:47:43.283274-03
19	sessions	0001_initial	2026-03-16 17:47:43.301883-03
20	users	0002_rename_full_name_customuser_username	2026-03-16 18:09:24.908902-03
21	movies	0001_initial	2026-03-16 19:05:46.480348-03
22	rooms	0001_initial	2026-03-17 19:24:06.287792-03
23	movie_sessions	0001_initial	2026-03-17 19:24:06.33342-03
24	movies	0002_remove_movie_duration_movie_duration_minutes_and_more	2026-03-17 19:52:10.959868-03
26	seats	0001_initial	2026-03-18 08:32:21.443249-03
27	tickets	0001_initial	2026-03-18 10:29:06.486669-03
\.


--
-- Data for Name: django_session; Type: TABLE DATA; Schema: public; Owner: cinereserve_user
--

COPY public.django_session (session_key, session_data, expire_date) FROM stdin;
fmue48ft1xlesac6lfs3i4sgsrj4gqc0	.eJxVjMsOwiAQRf-FtSEd3rh07zeQAQapGkhKuzL-uzbpQrf3nHNfLOC21rANWsKc2ZkBO_1uEdOD2g7yHdut89TbusyR7wo_6ODXnul5Ody_g4qjfmuZpMsqWW8FFTAOUiTttZxIGuE8OlMywqQEKEEqFk8aSRdVRLZGe2DvD9TvN4c:1w2Eu3:kAXawLX_3eaem0SlC1vZ1kcJeYEogD4l7QWzZSxr_Uc	2026-03-30 17:51:07.42128-03
evnli2sw80kf7tid0uyrpg8fz8dnooty	.eJxVjMsOwiAQRf-FtSEd3rh07zeQAQapGkhKuzL-uzbpQrf3nHNfLOC21rANWsKc2ZkBO_1uEdOD2g7yHdut89TbusyR7wo_6ODXnul5Ody_g4qjfmuZpMsqWW8FFTAOUiTttZxIGuE8OlMywqQEKEEqFk8aSRdVRLZGe2DvD9TvN4c:1w2crS:HB6s9yBJxVK1m3G8mtBcW88ojqlZUGaNAVkhHf1UDRg	2026-03-31 19:26:02.903303-03
\.


--
-- Data for Name: movie_sessions_session; Type: TABLE DATA; Schema: public; Owner: cinereserve_user
--

COPY public.movie_sessions_session (id, start_time, screening_format, language_version, status, price, created_at, updated_at, movie_id, room_id) FROM stdin;
1	2026-03-25 19:26:52-03	2D	ORIGINAL	SCHEDULED	0.00	2026-03-17 19:27:11.501111-03	2026-03-17 19:27:11.501124-03	1	1
2	2026-03-26 19:26:52-03	2D	DUBBED	SCHEDULED	0.00	2026-03-17 19:27:41.842277-03	2026-03-17 19:27:41.842287-03	1	1
3	2026-03-24 21:00:00-03	2D	ORIGINAL	SCHEDULED	0.00	2026-03-17 19:28:22.254775-03	2026-03-17 19:28:22.254784-03	1	1
4	2026-03-10 18:20:04-03	2D	ORIGINAL	SCHEDULED	0.00	2026-03-18 18:20:24.36902-03	2026-03-18 18:20:24.369028-03	1	1
\.


--
-- Data for Name: movies_movie; Type: TABLE DATA; Schema: public; Owner: cinereserve_user
--

COPY public.movies_movie (id, title, synopsis, duration_minutes, rating, release_date) FROM stdin;
1	Batata	btatatatat	13		\N
2	batata2	a continuação	14		\N
\.


--
-- Data for Name: rooms_room; Type: TABLE DATA; Schema: public; Owner: cinereserve_user
--

COPY public.rooms_room (id, name, number_seats) FROM stdin;
1	Sala 1	50
\.


--
-- Data for Name: seats_seat; Type: TABLE DATA; Schema: public; Owner: cinereserve_user
--

COPY public.seats_seat (id, label, room_id) FROM stdin;
1	1	1
2	2	1
3	3	1
4	4	1
5	5	1
\.


--
-- Data for Name: tickets_ticket; Type: TABLE DATA; Schema: public; Owner: cinereserve_user
--

COPY public.tickets_ticket (id, reserved_at, seat_id, session_id, user_id) FROM stdin;
1	2026-03-18 10:30:24.842933-03	1	1	1
2	2026-03-18 17:29:19.915881-03	3	1	1
3	2026-03-18 17:41:37.508607-03	2	1	1
4	2026-03-18 18:25:34.99937-03	5	4	1
\.


--
-- Data for Name: users_customuser; Type: TABLE DATA; Schema: public; Owner: cinereserve_user
--

COPY public.users_customuser (id, password, last_login, is_superuser, email, username, is_staff, is_active) FROM stdin;
2	pbkdf2_sha256$1000000$PiTQlNjaKyi6g76RYeakt3$Brn0LRVEgzqeTqAnQvDygfPzNrandKhaviNWhxRSua8=	\N	f	email1@dominio.com	pessoa1	f	t
1	pbkdf2_sha256$1000000$CeWfuZDbs3qQmTQxKBirus$Gm+ZUHMklBxSMO/TLyjmvrK/hh0FNxjQZrBnq/BtLCw=	2026-03-17 19:26:02.899851-03	t	matheus.eu.pessoal@gmail.com	MisterPotato	t	t
\.


--
-- Data for Name: users_customuser_groups; Type: TABLE DATA; Schema: public; Owner: cinereserve_user
--

COPY public.users_customuser_groups (id, customuser_id, group_id) FROM stdin;
\.


--
-- Data for Name: users_customuser_user_permissions; Type: TABLE DATA; Schema: public; Owner: cinereserve_user
--

COPY public.users_customuser_user_permissions (id, customuser_id, permission_id) FROM stdin;
\.


--
-- Name: auth_group_id_seq; Type: SEQUENCE SET; Schema: public; Owner: cinereserve_user
--

SELECT pg_catalog.setval('public.auth_group_id_seq', 1, false);


--
-- Name: auth_group_permissions_id_seq; Type: SEQUENCE SET; Schema: public; Owner: cinereserve_user
--

SELECT pg_catalog.setval('public.auth_group_permissions_id_seq', 1, false);


--
-- Name: auth_permission_id_seq; Type: SEQUENCE SET; Schema: public; Owner: cinereserve_user
--

SELECT pg_catalog.setval('public.auth_permission_id_seq', 44, true);


--
-- Name: django_admin_log_id_seq; Type: SEQUENCE SET; Schema: public; Owner: cinereserve_user
--

SELECT pg_catalog.setval('public.django_admin_log_id_seq', 16, true);


--
-- Name: django_content_type_id_seq; Type: SEQUENCE SET; Schema: public; Owner: cinereserve_user
--

SELECT pg_catalog.setval('public.django_content_type_id_seq', 11, true);


--
-- Name: django_migrations_id_seq; Type: SEQUENCE SET; Schema: public; Owner: cinereserve_user
--

SELECT pg_catalog.setval('public.django_migrations_id_seq', 27, true);


--
-- Name: movie_sessions_session_id_seq; Type: SEQUENCE SET; Schema: public; Owner: cinereserve_user
--

SELECT pg_catalog.setval('public.movie_sessions_session_id_seq', 4, true);


--
-- Name: movies_movie_id_seq; Type: SEQUENCE SET; Schema: public; Owner: cinereserve_user
--

SELECT pg_catalog.setval('public.movies_movie_id_seq', 2, true);


--
-- Name: rooms_room_id_seq; Type: SEQUENCE SET; Schema: public; Owner: cinereserve_user
--

SELECT pg_catalog.setval('public.rooms_room_id_seq', 1, true);


--
-- Name: seats_seat_id_seq; Type: SEQUENCE SET; Schema: public; Owner: cinereserve_user
--

SELECT pg_catalog.setval('public.seats_seat_id_seq', 5, true);


--
-- Name: tickets_ticket_id_seq; Type: SEQUENCE SET; Schema: public; Owner: cinereserve_user
--

SELECT pg_catalog.setval('public.tickets_ticket_id_seq', 4, true);


--
-- Name: users_customuser_groups_id_seq; Type: SEQUENCE SET; Schema: public; Owner: cinereserve_user
--

SELECT pg_catalog.setval('public.users_customuser_groups_id_seq', 1, false);


--
-- Name: users_customuser_id_seq; Type: SEQUENCE SET; Schema: public; Owner: cinereserve_user
--

SELECT pg_catalog.setval('public.users_customuser_id_seq', 2, true);


--
-- Name: users_customuser_user_permissions_id_seq; Type: SEQUENCE SET; Schema: public; Owner: cinereserve_user
--

SELECT pg_catalog.setval('public.users_customuser_user_permissions_id_seq', 1, false);


--
-- Name: auth_group auth_group_name_key; Type: CONSTRAINT; Schema: public; Owner: cinereserve_user
--

ALTER TABLE ONLY public.auth_group
    ADD CONSTRAINT auth_group_name_key UNIQUE (name);


--
-- Name: auth_group_permissions auth_group_permissions_group_id_permission_id_0cd325b0_uniq; Type: CONSTRAINT; Schema: public; Owner: cinereserve_user
--

ALTER TABLE ONLY public.auth_group_permissions
    ADD CONSTRAINT auth_group_permissions_group_id_permission_id_0cd325b0_uniq UNIQUE (group_id, permission_id);


--
-- Name: auth_group_permissions auth_group_permissions_pkey; Type: CONSTRAINT; Schema: public; Owner: cinereserve_user
--

ALTER TABLE ONLY public.auth_group_permissions
    ADD CONSTRAINT auth_group_permissions_pkey PRIMARY KEY (id);


--
-- Name: auth_group auth_group_pkey; Type: CONSTRAINT; Schema: public; Owner: cinereserve_user
--

ALTER TABLE ONLY public.auth_group
    ADD CONSTRAINT auth_group_pkey PRIMARY KEY (id);


--
-- Name: auth_permission auth_permission_content_type_id_codename_01ab375a_uniq; Type: CONSTRAINT; Schema: public; Owner: cinereserve_user
--

ALTER TABLE ONLY public.auth_permission
    ADD CONSTRAINT auth_permission_content_type_id_codename_01ab375a_uniq UNIQUE (content_type_id, codename);


--
-- Name: auth_permission auth_permission_pkey; Type: CONSTRAINT; Schema: public; Owner: cinereserve_user
--

ALTER TABLE ONLY public.auth_permission
    ADD CONSTRAINT auth_permission_pkey PRIMARY KEY (id);


--
-- Name: django_admin_log django_admin_log_pkey; Type: CONSTRAINT; Schema: public; Owner: cinereserve_user
--

ALTER TABLE ONLY public.django_admin_log
    ADD CONSTRAINT django_admin_log_pkey PRIMARY KEY (id);


--
-- Name: django_content_type django_content_type_app_label_model_76bd3d3b_uniq; Type: CONSTRAINT; Schema: public; Owner: cinereserve_user
--

ALTER TABLE ONLY public.django_content_type
    ADD CONSTRAINT django_content_type_app_label_model_76bd3d3b_uniq UNIQUE (app_label, model);


--
-- Name: django_content_type django_content_type_pkey; Type: CONSTRAINT; Schema: public; Owner: cinereserve_user
--

ALTER TABLE ONLY public.django_content_type
    ADD CONSTRAINT django_content_type_pkey PRIMARY KEY (id);


--
-- Name: django_migrations django_migrations_pkey; Type: CONSTRAINT; Schema: public; Owner: cinereserve_user
--

ALTER TABLE ONLY public.django_migrations
    ADD CONSTRAINT django_migrations_pkey PRIMARY KEY (id);


--
-- Name: django_session django_session_pkey; Type: CONSTRAINT; Schema: public; Owner: cinereserve_user
--

ALTER TABLE ONLY public.django_session
    ADD CONSTRAINT django_session_pkey PRIMARY KEY (session_key);


--
-- Name: movie_sessions_session movie_sessions_session_pkey; Type: CONSTRAINT; Schema: public; Owner: cinereserve_user
--

ALTER TABLE ONLY public.movie_sessions_session
    ADD CONSTRAINT movie_sessions_session_pkey PRIMARY KEY (id);


--
-- Name: movies_movie movies_movie_pkey; Type: CONSTRAINT; Schema: public; Owner: cinereserve_user
--

ALTER TABLE ONLY public.movies_movie
    ADD CONSTRAINT movies_movie_pkey PRIMARY KEY (id);


--
-- Name: rooms_room rooms_room_pkey; Type: CONSTRAINT; Schema: public; Owner: cinereserve_user
--

ALTER TABLE ONLY public.rooms_room
    ADD CONSTRAINT rooms_room_pkey PRIMARY KEY (id);


--
-- Name: seats_seat seats_seat_pkey; Type: CONSTRAINT; Schema: public; Owner: cinereserve_user
--

ALTER TABLE ONLY public.seats_seat
    ADD CONSTRAINT seats_seat_pkey PRIMARY KEY (id);


--
-- Name: seats_seat seats_seat_room_id_label_cb029718_uniq; Type: CONSTRAINT; Schema: public; Owner: cinereserve_user
--

ALTER TABLE ONLY public.seats_seat
    ADD CONSTRAINT seats_seat_room_id_label_cb029718_uniq UNIQUE (room_id, label);


--
-- Name: tickets_ticket tickets_ticket_pkey; Type: CONSTRAINT; Schema: public; Owner: cinereserve_user
--

ALTER TABLE ONLY public.tickets_ticket
    ADD CONSTRAINT tickets_ticket_pkey PRIMARY KEY (id);


--
-- Name: tickets_ticket unique_seat_per_session; Type: CONSTRAINT; Schema: public; Owner: cinereserve_user
--

ALTER TABLE ONLY public.tickets_ticket
    ADD CONSTRAINT unique_seat_per_session UNIQUE (session_id, seat_id);


--
-- Name: movie_sessions_session unique_session_per_room_time; Type: CONSTRAINT; Schema: public; Owner: cinereserve_user
--

ALTER TABLE ONLY public.movie_sessions_session
    ADD CONSTRAINT unique_session_per_room_time UNIQUE (room_id, start_time);


--
-- Name: users_customuser users_customuser_email_key; Type: CONSTRAINT; Schema: public; Owner: cinereserve_user
--

ALTER TABLE ONLY public.users_customuser
    ADD CONSTRAINT users_customuser_email_key UNIQUE (email);


--
-- Name: users_customuser_groups users_customuser_groups_customuser_id_group_id_76b619e3_uniq; Type: CONSTRAINT; Schema: public; Owner: cinereserve_user
--

ALTER TABLE ONLY public.users_customuser_groups
    ADD CONSTRAINT users_customuser_groups_customuser_id_group_id_76b619e3_uniq UNIQUE (customuser_id, group_id);


--
-- Name: users_customuser_groups users_customuser_groups_pkey; Type: CONSTRAINT; Schema: public; Owner: cinereserve_user
--

ALTER TABLE ONLY public.users_customuser_groups
    ADD CONSTRAINT users_customuser_groups_pkey PRIMARY KEY (id);


--
-- Name: users_customuser users_customuser_pkey; Type: CONSTRAINT; Schema: public; Owner: cinereserve_user
--

ALTER TABLE ONLY public.users_customuser
    ADD CONSTRAINT users_customuser_pkey PRIMARY KEY (id);


--
-- Name: users_customuser_user_permissions users_customuser_user_pe_customuser_id_permission_7a7debf6_uniq; Type: CONSTRAINT; Schema: public; Owner: cinereserve_user
--

ALTER TABLE ONLY public.users_customuser_user_permissions
    ADD CONSTRAINT users_customuser_user_pe_customuser_id_permission_7a7debf6_uniq UNIQUE (customuser_id, permission_id);


--
-- Name: users_customuser_user_permissions users_customuser_user_permissions_pkey; Type: CONSTRAINT; Schema: public; Owner: cinereserve_user
--

ALTER TABLE ONLY public.users_customuser_user_permissions
    ADD CONSTRAINT users_customuser_user_permissions_pkey PRIMARY KEY (id);


--
-- Name: auth_group_name_a6ea08ec_like; Type: INDEX; Schema: public; Owner: cinereserve_user
--

CREATE INDEX auth_group_name_a6ea08ec_like ON public.auth_group USING btree (name varchar_pattern_ops);


--
-- Name: auth_group_permissions_group_id_b120cbf9; Type: INDEX; Schema: public; Owner: cinereserve_user
--

CREATE INDEX auth_group_permissions_group_id_b120cbf9 ON public.auth_group_permissions USING btree (group_id);


--
-- Name: auth_group_permissions_permission_id_84c5c92e; Type: INDEX; Schema: public; Owner: cinereserve_user
--

CREATE INDEX auth_group_permissions_permission_id_84c5c92e ON public.auth_group_permissions USING btree (permission_id);


--
-- Name: auth_permission_content_type_id_2f476e4b; Type: INDEX; Schema: public; Owner: cinereserve_user
--

CREATE INDEX auth_permission_content_type_id_2f476e4b ON public.auth_permission USING btree (content_type_id);


--
-- Name: django_admin_log_content_type_id_c4bce8eb; Type: INDEX; Schema: public; Owner: cinereserve_user
--

CREATE INDEX django_admin_log_content_type_id_c4bce8eb ON public.django_admin_log USING btree (content_type_id);


--
-- Name: django_admin_log_user_id_c564eba6; Type: INDEX; Schema: public; Owner: cinereserve_user
--

CREATE INDEX django_admin_log_user_id_c564eba6 ON public.django_admin_log USING btree (user_id);


--
-- Name: django_session_expire_date_a5c62663; Type: INDEX; Schema: public; Owner: cinereserve_user
--

CREATE INDEX django_session_expire_date_a5c62663 ON public.django_session USING btree (expire_date);


--
-- Name: django_session_session_key_c0390e0f_like; Type: INDEX; Schema: public; Owner: cinereserve_user
--

CREATE INDEX django_session_session_key_c0390e0f_like ON public.django_session USING btree (session_key varchar_pattern_ops);


--
-- Name: movie_sessions_session_movie_id_d203c89e; Type: INDEX; Schema: public; Owner: cinereserve_user
--

CREATE INDEX movie_sessions_session_movie_id_d203c89e ON public.movie_sessions_session USING btree (movie_id);


--
-- Name: movie_sessions_session_room_id_a9ae12af; Type: INDEX; Schema: public; Owner: cinereserve_user
--

CREATE INDEX movie_sessions_session_room_id_a9ae12af ON public.movie_sessions_session USING btree (room_id);


--
-- Name: seats_seat_room_id_cccd6837; Type: INDEX; Schema: public; Owner: cinereserve_user
--

CREATE INDEX seats_seat_room_id_cccd6837 ON public.seats_seat USING btree (room_id);


--
-- Name: tickets_ticket_seat_id_6d008b3d; Type: INDEX; Schema: public; Owner: cinereserve_user
--

CREATE INDEX tickets_ticket_seat_id_6d008b3d ON public.tickets_ticket USING btree (seat_id);


--
-- Name: tickets_ticket_session_id_07b2f2eb; Type: INDEX; Schema: public; Owner: cinereserve_user
--

CREATE INDEX tickets_ticket_session_id_07b2f2eb ON public.tickets_ticket USING btree (session_id);


--
-- Name: tickets_ticket_user_id_6f5f1c69; Type: INDEX; Schema: public; Owner: cinereserve_user
--

CREATE INDEX tickets_ticket_user_id_6f5f1c69 ON public.tickets_ticket USING btree (user_id);


--
-- Name: users_customuser_email_6445acef_like; Type: INDEX; Schema: public; Owner: cinereserve_user
--

CREATE INDEX users_customuser_email_6445acef_like ON public.users_customuser USING btree (email varchar_pattern_ops);


--
-- Name: users_customuser_groups_customuser_id_958147bf; Type: INDEX; Schema: public; Owner: cinereserve_user
--

CREATE INDEX users_customuser_groups_customuser_id_958147bf ON public.users_customuser_groups USING btree (customuser_id);


--
-- Name: users_customuser_groups_group_id_01390b14; Type: INDEX; Schema: public; Owner: cinereserve_user
--

CREATE INDEX users_customuser_groups_group_id_01390b14 ON public.users_customuser_groups USING btree (group_id);


--
-- Name: users_customuser_user_permissions_customuser_id_5771478b; Type: INDEX; Schema: public; Owner: cinereserve_user
--

CREATE INDEX users_customuser_user_permissions_customuser_id_5771478b ON public.users_customuser_user_permissions USING btree (customuser_id);


--
-- Name: users_customuser_user_permissions_permission_id_baaa2f74; Type: INDEX; Schema: public; Owner: cinereserve_user
--

CREATE INDEX users_customuser_user_permissions_permission_id_baaa2f74 ON public.users_customuser_user_permissions USING btree (permission_id);


--
-- Name: auth_group_permissions auth_group_permissio_permission_id_84c5c92e_fk_auth_perm; Type: FK CONSTRAINT; Schema: public; Owner: cinereserve_user
--

ALTER TABLE ONLY public.auth_group_permissions
    ADD CONSTRAINT auth_group_permissio_permission_id_84c5c92e_fk_auth_perm FOREIGN KEY (permission_id) REFERENCES public.auth_permission(id) DEFERRABLE INITIALLY DEFERRED;


--
-- Name: auth_group_permissions auth_group_permissions_group_id_b120cbf9_fk_auth_group_id; Type: FK CONSTRAINT; Schema: public; Owner: cinereserve_user
--

ALTER TABLE ONLY public.auth_group_permissions
    ADD CONSTRAINT auth_group_permissions_group_id_b120cbf9_fk_auth_group_id FOREIGN KEY (group_id) REFERENCES public.auth_group(id) DEFERRABLE INITIALLY DEFERRED;


--
-- Name: auth_permission auth_permission_content_type_id_2f476e4b_fk_django_co; Type: FK CONSTRAINT; Schema: public; Owner: cinereserve_user
--

ALTER TABLE ONLY public.auth_permission
    ADD CONSTRAINT auth_permission_content_type_id_2f476e4b_fk_django_co FOREIGN KEY (content_type_id) REFERENCES public.django_content_type(id) DEFERRABLE INITIALLY DEFERRED;


--
-- Name: django_admin_log django_admin_log_content_type_id_c4bce8eb_fk_django_co; Type: FK CONSTRAINT; Schema: public; Owner: cinereserve_user
--

ALTER TABLE ONLY public.django_admin_log
    ADD CONSTRAINT django_admin_log_content_type_id_c4bce8eb_fk_django_co FOREIGN KEY (content_type_id) REFERENCES public.django_content_type(id) DEFERRABLE INITIALLY DEFERRED;


--
-- Name: django_admin_log django_admin_log_user_id_c564eba6_fk_users_customuser_id; Type: FK CONSTRAINT; Schema: public; Owner: cinereserve_user
--

ALTER TABLE ONLY public.django_admin_log
    ADD CONSTRAINT django_admin_log_user_id_c564eba6_fk_users_customuser_id FOREIGN KEY (user_id) REFERENCES public.users_customuser(id) DEFERRABLE INITIALLY DEFERRED;


--
-- Name: movie_sessions_session movie_sessions_session_movie_id_d203c89e_fk_movies_movie_id; Type: FK CONSTRAINT; Schema: public; Owner: cinereserve_user
--

ALTER TABLE ONLY public.movie_sessions_session
    ADD CONSTRAINT movie_sessions_session_movie_id_d203c89e_fk_movies_movie_id FOREIGN KEY (movie_id) REFERENCES public.movies_movie(id) DEFERRABLE INITIALLY DEFERRED;


--
-- Name: movie_sessions_session movie_sessions_session_room_id_a9ae12af_fk_rooms_room_id; Type: FK CONSTRAINT; Schema: public; Owner: cinereserve_user
--

ALTER TABLE ONLY public.movie_sessions_session
    ADD CONSTRAINT movie_sessions_session_room_id_a9ae12af_fk_rooms_room_id FOREIGN KEY (room_id) REFERENCES public.rooms_room(id) DEFERRABLE INITIALLY DEFERRED;


--
-- Name: seats_seat seats_seat_room_id_cccd6837_fk_rooms_room_id; Type: FK CONSTRAINT; Schema: public; Owner: cinereserve_user
--

ALTER TABLE ONLY public.seats_seat
    ADD CONSTRAINT seats_seat_room_id_cccd6837_fk_rooms_room_id FOREIGN KEY (room_id) REFERENCES public.rooms_room(id) DEFERRABLE INITIALLY DEFERRED;


--
-- Name: tickets_ticket tickets_ticket_seat_id_6d008b3d_fk_seats_seat_id; Type: FK CONSTRAINT; Schema: public; Owner: cinereserve_user
--

ALTER TABLE ONLY public.tickets_ticket
    ADD CONSTRAINT tickets_ticket_seat_id_6d008b3d_fk_seats_seat_id FOREIGN KEY (seat_id) REFERENCES public.seats_seat(id) DEFERRABLE INITIALLY DEFERRED;


--
-- Name: tickets_ticket tickets_ticket_session_id_07b2f2eb_fk_movie_sessions_session_id; Type: FK CONSTRAINT; Schema: public; Owner: cinereserve_user
--

ALTER TABLE ONLY public.tickets_ticket
    ADD CONSTRAINT tickets_ticket_session_id_07b2f2eb_fk_movie_sessions_session_id FOREIGN KEY (session_id) REFERENCES public.movie_sessions_session(id) DEFERRABLE INITIALLY DEFERRED;


--
-- Name: tickets_ticket tickets_ticket_user_id_6f5f1c69_fk_users_customuser_id; Type: FK CONSTRAINT; Schema: public; Owner: cinereserve_user
--

ALTER TABLE ONLY public.tickets_ticket
    ADD CONSTRAINT tickets_ticket_user_id_6f5f1c69_fk_users_customuser_id FOREIGN KEY (user_id) REFERENCES public.users_customuser(id) DEFERRABLE INITIALLY DEFERRED;


--
-- Name: users_customuser_groups users_customuser_gro_customuser_id_958147bf_fk_users_cus; Type: FK CONSTRAINT; Schema: public; Owner: cinereserve_user
--

ALTER TABLE ONLY public.users_customuser_groups
    ADD CONSTRAINT users_customuser_gro_customuser_id_958147bf_fk_users_cus FOREIGN KEY (customuser_id) REFERENCES public.users_customuser(id) DEFERRABLE INITIALLY DEFERRED;


--
-- Name: users_customuser_groups users_customuser_groups_group_id_01390b14_fk_auth_group_id; Type: FK CONSTRAINT; Schema: public; Owner: cinereserve_user
--

ALTER TABLE ONLY public.users_customuser_groups
    ADD CONSTRAINT users_customuser_groups_group_id_01390b14_fk_auth_group_id FOREIGN KEY (group_id) REFERENCES public.auth_group(id) DEFERRABLE INITIALLY DEFERRED;


--
-- Name: users_customuser_user_permissions users_customuser_use_customuser_id_5771478b_fk_users_cus; Type: FK CONSTRAINT; Schema: public; Owner: cinereserve_user
--

ALTER TABLE ONLY public.users_customuser_user_permissions
    ADD CONSTRAINT users_customuser_use_customuser_id_5771478b_fk_users_cus FOREIGN KEY (customuser_id) REFERENCES public.users_customuser(id) DEFERRABLE INITIALLY DEFERRED;


--
-- Name: users_customuser_user_permissions users_customuser_use_permission_id_baaa2f74_fk_auth_perm; Type: FK CONSTRAINT; Schema: public; Owner: cinereserve_user
--

ALTER TABLE ONLY public.users_customuser_user_permissions
    ADD CONSTRAINT users_customuser_use_permission_id_baaa2f74_fk_auth_perm FOREIGN KEY (permission_id) REFERENCES public.auth_permission(id) DEFERRABLE INITIALLY DEFERRED;


--
-- PostgreSQL database dump complete
--

\unrestrict 60dGVscDj77CQyLeA3b7LRoguyVwSH6Anyk2PULEyQfOcfLAGVRn0jsLlZs1oqS

